code,holder_name,category,note
00001,,Festival-Ticket,
00002,,Festival-Ticket,
00003,,Festival-Ticket,
00004,,Festival-Ticket,
00005,,Festival-Ticket,
00006,,Festival-Ticket,
00007,,Festival-Ticket,
00008,,Festival-Ticket,
00009,,Festival-Ticket,
00010,,Festival-Ticket,
00011,,Festival-Ticket,
00012,,Festival-Ticket,
00013,,Festival-Ticket,
00014,,Festival-Ticket,
00015,,Festival-Ticket,
00016,,Festival-Ticket,
00017,,Festival-Ticket,
00018,,Festival-Ticket,
00019,,Festival-Ticket,
00020,,Festival-Ticket,
00021,,Festival-Ticket,
00022,,Festival-Ticket,
00023,,Festival-Ticket,
00024,,Festival-Ticket,
00025,,Festival-Ticket,
00026,,Festival-Ticket,
00027,,Festival-Ticket,
00028,,Festival-Ticket,
00029,,Festival-Ticket,
00030,,Festival-Ticket,
00031,,Festival-Ticket,
00032,,Festival-Ticket,
00033,,Festival-Ticket,
00034,,Festival-Ticket,
00035,,Festival-Ticket,
00036,,Festival-Ticket,
00037,,Festival-Ticket,
00038,,Festival-Ticket,
00039,,Festival-Ticket,
00040,,Festival-Ticket,
00041,,Festival-Ticket,
00042,,Festival-Ticket,
00043,,Festival-Ticket,
00044,,Festival-Ticket,
00045,,Festival-Ticket,
00046,,Festival-Ticket,
00047,,Festival-Ticket,
00048,,Festival-Ticket,
00049,,Festival-Ticket,
00050,,Festival-Ticket,
00051,,Festival-Ticket,
00052,,Festival-Ticket,
00053,,Festival-Ticket,
00054,,Festival-Ticket,
00055,,Festival-Ticket,
00056,,Festival-Ticket,
00057,,Festival-Ticket,
00058,,Festival-Ticket,
00059,,Festival-Ticket,
00060,,Festival-Ticket,
00061,,Festival-Ticket,
00062,,Festival-Ticket,
00063,,Festival-Ticket,
00064,,Festival-Ticket,
00065,,Festival-Ticket,
00066,,Festival-Ticket,
00067,,Festival-Ticket,
00068,,Festival-Ticket,
00069,,Festival-Ticket,
00070,,Festival-Ticket,
00071,,Festival-Ticket,
00072,,Festival-Ticket,
00073,,Festival-Ticket,
00074,,Festival-Ticket,
00075,,Festival-Ticket,
00076,,Festival-Ticket,
00077,,Festival-Ticket,
00078,,Festival-Ticket,
00079,,Festival-Ticket,
00080,,Festival-Ticket,
00081,,Festival-Ticket,
00082,,Festival-Ticket,
00083,,Festival-Ticket,
00084,,Festival-Ticket,
00085,,Festival-Ticket,
00086,,Festival-Ticket,
00087,,Festival-Ticket,
00088,,Festival-Ticket,
00089,,Festival-Ticket,
00090,,Festival-Ticket,
00091,,Festival-Ticket,
00092,,Festival-Ticket,
00093,,Festival-Ticket,
00094,,Festival-Ticket,
00095,,Festival-Ticket,
00096,,Festival-Ticket,
00097,,Festival-Ticket,
00098,,Festival-Ticket,
00099,,Festival-Ticket,
00100,,Festival-Ticket,
00101,,Festival-Ticket,
00102,,Festival-Ticket,
00103,,Festival-Ticket,
00104,,Festival-Ticket,
00105,,Festival-Ticket,
00106,,Festival-Ticket,
00107,,Festival-Ticket,
00108,,Festival-Ticket,
00109,,Festival-Ticket,
00110,,Festival-Ticket,
00111,,Festival-Ticket,
00112,,Festival-Ticket,
00113,,Festival-Ticket,
00114,,Festival-Ticket,
00115,,Festival-Ticket,
00116,,Festival-Ticket,
00117,,Festival-Ticket,
00118,,Festival-Ticket,
00119,,Festival-Ticket,
00120,,Festival-Ticket,
00121,,Festival-Ticket,
00122,,Festival-Ticket,
00123,,Festival-Ticket,
00124,,Festival-Ticket,
00125,,Festival-Ticket,
00126,,Festival-Ticket,
00127,,Festival-Ticket,
00128,,Festival-Ticket,
00129,,Festival-Ticket,
00130,,Festival-Ticket,
00131,,Festival-Ticket,
00132,,Festival-Ticket,
00133,,Festival-Ticket,
00134,,Festival-Ticket,
00135,,Festival-Ticket,
00136,,Festival-Ticket,
00137,,Festival-Ticket,
00138,,Festival-Ticket,
00139,,Festival-Ticket,
00140,,Festival-Ticket,
00141,,Festival-Ticket,
00142,,Festival-Ticket,
00143,,Festival-Ticket,
00144,,Festival-Ticket,
00145,,Festival-Ticket,
00146,,Festival-Ticket,
00147,,Festival-Ticket,
00148,,Festival-Ticket,
00149,,Festival-Ticket,
00150,,Festival-Ticket,
00151,,Festival-Ticket,
00152,,Festival-Ticket,
00153,,Festival-Ticket,
00154,,Festival-Ticket,
00155,,Festival-Ticket,
00156,,Festival-Ticket,
00157,,Festival-Ticket,
00158,,Festival-Ticket,
00159,,Festival-Ticket,
00160,,Festival-Ticket,
00161,,Festival-Ticket,
00162,,Festival-Ticket,
00163,,Festival-Ticket,
00164,,Festival-Ticket,
00165,,Festival-Ticket,
00166,,Festival-Ticket,
00167,,Festival-Ticket,
00168,,Festival-Ticket,
00169,,Festival-Ticket,
00170,,Festival-Ticket,
00171,,Festival-Ticket,
00172,,Festival-Ticket,
00173,,Festival-Ticket,
00174,,Festival-Ticket,
00175,,Festival-Ticket,
00176,,Festival-Ticket,
00177,,Festival-Ticket,
00178,,Festival-Ticket,
00179,,Festival-Ticket,
00180,,Festival-Ticket,
00181,,Festival-Ticket,
00182,,Festival-Ticket,
00183,,Festival-Ticket,
00184,,Festival-Ticket,
00185,,Festival-Ticket,
00186,,Festival-Ticket,
00187,,Festival-Ticket,
00188,,Festival-Ticket,
00189,,Festival-Ticket,
00190,,Festival-Ticket,
00191,,Festival-Ticket,
00192,,Festival-Ticket,
00193,,Festival-Ticket,
00194,,Festival-Ticket,
00195,,Festival-Ticket,
00196,,Festival-Ticket,
00197,,Festival-Ticket,
00198,,Festival-Ticket,
00199,,Festival-Ticket,
00200,,Festival-Ticket,
00201,,Festival-Ticket,
00202,,Festival-Ticket,
00203,,Festival-Ticket,
00204,,Festival-Ticket,
00205,,Festival-Ticket,
00206,,Festival-Ticket,
00207,,Festival-Ticket,
00208,,Festival-Ticket,
00209,,Festival-Ticket,
00210,,Festival-Ticket,
00211,,Festival-Ticket,
00212,,Festival-Ticket,
00213,,Festival-Ticket,
00214,,Festival-Ticket,
00215,,Festival-Ticket,
00216,,Festival-Ticket,
00217,,Festival-Ticket,
00218,,Festival-Ticket,
00219,,Festival-Ticket,
00220,,Festival-Ticket,
00221,,Festival-Ticket,
00222,,Festival-Ticket,
00223,,Festival-Ticket,
00224,,Festival-Ticket,
00225,,Festival-Ticket,
00226,,Festival-Ticket,
00227,,Festival-Ticket,
00228,,Festival-Ticket,
00229,,Festival-Ticket,
00230,,Festival-Ticket,
00231,,Festival-Ticket,
00232,,Festival-Ticket,
00233,,Festival-Ticket,
00234,,Festival-Ticket,
00235,,Festival-Ticket,
00236,,Festival-Ticket,
00237,,Festival-Ticket,
00238,,Festival-Ticket,
00239,,Festival-Ticket,
00240,,Festival-Ticket,
00241,,Festival-Ticket,
00242,,Festival-Ticket,
00243,,Festival-Ticket,
00244,,Festival-Ticket,
00245,,Festival-Ticket,
00246,,Festival-Ticket,
00247,,Festival-Ticket,
00248,,Festival-Ticket,
00249,,Festival-Ticket,
00250,,Festival-Ticket,
00251,,Festival-Ticket,
00252,,Festival-Ticket,
00253,,Festival-Ticket,
00254,,Festival-Ticket,
00255,,Festival-Ticket,
00256,,Festival-Ticket,
00257,,Festival-Ticket,
00258,,Festival-Ticket,
00259,,Festival-Ticket,
00260,,Festival-Ticket,
00261,,Festival-Ticket,
00262,,Festival-Ticket,
00263,,Festival-Ticket,
00264,,Festival-Ticket,
00265,,Festival-Ticket,
00266,,Festival-Ticket,
00267,,Festival-Ticket,
00268,,Festival-Ticket,
00269,,Festival-Ticket,
00270,,Festival-Ticket,
00271,,Festival-Ticket,
00272,,Festival-Ticket,
00273,,Festival-Ticket,
00274,,Festival-Ticket,
00275,,Festival-Ticket,
00276,,Festival-Ticket,
00277,,Festival-Ticket,
00278,,Festival-Ticket,
00279,,Festival-Ticket,
00280,,Festival-Ticket,
00281,,Festival-Ticket,
00282,,Festival-Ticket,
00283,,Festival-Ticket,
00284,,Festival-Ticket,
00285,,Festival-Ticket,
00286,,Festival-Ticket,
00287,,Festival-Ticket,
00288,,Festival-Ticket,
00289,,Festival-Ticket,
00290,,Festival-Ticket,
00291,,Festival-Ticket,
00292,,Festival-Ticket,
00293,,Festival-Ticket,
00294,,Festival-Ticket,
00295,,Festival-Ticket,
00296,,Festival-Ticket,
00297,,Festival-Ticket,
00298,,Festival-Ticket,
00299,,Festival-Ticket,
00300,,Festival-Ticket,
00301,,Festival-Ticket,
00302,,Festival-Ticket,
00303,,Festival-Ticket,
00304,,Festival-Ticket,
00305,,Festival-Ticket,
00306,,Festival-Ticket,
00307,,Festival-Ticket,
00308,,Festival-Ticket,
00309,,Festival-Ticket,
00310,,Festival-Ticket,
00311,,Festival-Ticket,
00312,,Festival-Ticket,
00313,,Festival-Ticket,
00314,,Festival-Ticket,
00315,,Festival-Ticket,
00316,,Festival-Ticket,
00317,,Festival-Ticket,
00318,,Festival-Ticket,
00319,,Festival-Ticket,
00320,,Festival-Ticket,
00321,,Festival-Ticket,
00322,,Festival-Ticket,
00323,,Festival-Ticket,
00324,,Festival-Ticket,
00325,,Festival-Ticket,
00326,,Festival-Ticket,
00327,,Festival-Ticket,
00328,,Festival-Ticket,
00329,,Festival-Ticket,
00330,,Festival-Ticket,
00331,,Festival-Ticket,
00332,,Festival-Ticket,
00333,,Festival-Ticket,
00334,,Festival-Ticket,
00335,,Festival-Ticket,
00336,,Festival-Ticket,
00337,,Festival-Ticket,
00338,,Festival-Ticket,
00339,,Festival-Ticket,
00340,,Festival-Ticket,
00341,,Festival-Ticket,
00342,,Festival-Ticket,
00343,,Festival-Ticket,
00344,,Festival-Ticket,
00345,,Festival-Ticket,
00346,,Festival-Ticket,
00347,,Festival-Ticket,
00348,,Festival-Ticket,
00349,,Festival-Ticket,
00350,,Festival-Ticket,
00351,,Festival-Ticket,
00352,,Festival-Ticket,
00353,,Festival-Ticket,
00354,,Festival-Ticket,
00355,,Festival-Ticket,
00356,,Festival-Ticket,
00357,,Festival-Ticket,
00358,,Festival-Ticket,
00359,,Festival-Ticket,
00360,,Festival-Ticket,
00361,,Festival-Ticket,
00362,,Festival-Ticket,
00363,,Festival-Ticket,
00364,,Festival-Ticket,
00365,,Festival-Ticket,
00366,,Festival-Ticket,
00367,,Festival-Ticket,
00368,,Festival-Ticket,
00369,,Festival-Ticket,
00370,,Festival-Ticket,
00371,,Festival-Ticket,
00372,,Festival-Ticket,
00373,,Festival-Ticket,
00374,,Festival-Ticket,
00375,,Festival-Ticket,
00376,,Festival-Ticket,
00377,,Festival-Ticket,
00378,,Festival-Ticket,
00379,,Festival-Ticket,
00380,,Festival-Ticket,
00381,,Festival-Ticket,
00382,,Festival-Ticket,
00383,,Festival-Ticket,
00384,,Festival-Ticket,
00385,,Festival-Ticket,
00386,,Festival-Ticket,
00387,,Festival-Ticket,
00388,,Festival-Ticket,
00389,,Festival-Ticket,
00390,,Festival-Ticket,
00391,,Festival-Ticket,
00392,,Festival-Ticket,
00393,,Festival-Ticket,
00394,,Festival-Ticket,
00395,,Festival-Ticket,
00396,,Festival-Ticket,
00397,,Festival-Ticket,
00398,,Festival-Ticket,
00399,,Festival-Ticket,
00400,,Festival-Ticket,
00401,,Festival-Ticket,
00402,,Festival-Ticket,
00403,,Festival-Ticket,
00404,,Festival-Ticket,
00405,,Festival-Ticket,
00406,,Festival-Ticket,
00407,,Festival-Ticket,
00408,,Festival-Ticket,
00409,,Festival-Ticket,
00410,,Festival-Ticket,
00411,,Festival-Ticket,
00412,,Festival-Ticket,
00413,,Festival-Ticket,
00414,,Festival-Ticket,
00415,,Festival-Ticket,
00416,,Festival-Ticket,
00417,,Festival-Ticket,
00418,,Festival-Ticket,
00419,,Festival-Ticket,
00420,,Festival-Ticket,
00421,,Festival-Ticket,
00422,,Festival-Ticket,
00423,,Festival-Ticket,
00424,,Festival-Ticket,
00425,,Festival-Ticket,
00426,,Festival-Ticket,
00427,,Festival-Ticket,
00428,,Festival-Ticket,
00429,,Festival-Ticket,
00430,,Festival-Ticket,
00431,,Festival-Ticket,
00432,,Festival-Ticket,
00433,,Festival-Ticket,
00434,,Festival-Ticket,
00435,,Festival-Ticket,
00436,,Festival-Ticket,
00437,,Festival-Ticket,
00438,,Festival-Ticket,
00439,,Festival-Ticket,
00440,,Festival-Ticket,
00441,,Festival-Ticket,
00442,,Festival-Ticket,
00443,,Festival-Ticket,
00444,,Festival-Ticket,
00445,,Festival-Ticket,
00446,,Festival-Ticket,
00447,,Festival-Ticket,
00448,,Festival-Ticket,
00449,,Festival-Ticket,
00450,,Festival-Ticket,
00451,,Festival-Ticket,
00452,,Festival-Ticket,
00453,,Festival-Ticket,
00454,,Festival-Ticket,
00455,,Festival-Ticket,
00456,,Festival-Ticket,
00457,,Festival-Ticket,
00458,,Festival-Ticket,
00459,,Festival-Ticket,
00460,,Festival-Ticket,
00461,,Festival-Ticket,
00462,,Festival-Ticket,
00463,,Festival-Ticket,
00464,,Festival-Ticket,
00465,,Festival-Ticket,
00466,,Festival-Ticket,
00467,,Festival-Ticket,
00468,,Festival-Ticket,
00469,,Festival-Ticket,
00470,,Festival-Ticket,
00471,,Festival-Ticket,
00472,,Festival-Ticket,
00473,,Festival-Ticket,
00474,,Festival-Ticket,
00475,,Festival-Ticket,
00476,,Festival-Ticket,
00477,,Festival-Ticket,
00478,,Festival-Ticket,
00479,,Festival-Ticket,
00480,,Festival-Ticket,
00481,,Festival-Ticket,
00482,,Festival-Ticket,
00483,,Festival-Ticket,
00484,,Festival-Ticket,
00485,,Festival-Ticket,
00486,,Festival-Ticket,
00487,,Festival-Ticket,
00488,,Festival-Ticket,
00489,,Festival-Ticket,
00490,,Festival-Ticket,
00491,,Festival-Ticket,
00492,,Festival-Ticket,
00493,,Festival-Ticket,
00494,,Festival-Ticket,
00495,,Festival-Ticket,
00496,,Festival-Ticket,
00497,,Festival-Ticket,
00498,,Festival-Ticket,
00499,,Festival-Ticket,
00500,,Festival-Ticket,
00501,,Festival-Ticket,
00502,,Festival-Ticket,
00503,,Festival-Ticket,
00504,,Festival-Ticket,
00505,,Festival-Ticket,
00506,,Festival-Ticket,
00507,,Festival-Ticket,
00508,,Festival-Ticket,
00509,,Festival-Ticket,
00510,,Festival-Ticket,
00511,,Festival-Ticket,
00512,,Festival-Ticket,
00513,,Festival-Ticket,
00514,,Festival-Ticket,
00515,,Festival-Ticket,
00516,,Festival-Ticket,
00517,,Festival-Ticket,
00518,,Festival-Ticket,
00519,,Festival-Ticket,
00520,,Festival-Ticket,
00521,,Festival-Ticket,
00522,,Festival-Ticket,
00523,,Festival-Ticket,
00524,,Festival-Ticket,
00525,,Festival-Ticket,
00526,,Festival-Ticket,
00527,,Festival-Ticket,
00528,,Festival-Ticket,
00529,,Festival-Ticket,
00530,,Festival-Ticket,
00531,,Festival-Ticket,
00532,,Festival-Ticket,
00533,,Festival-Ticket,
00534,,Festival-Ticket,
00535,,Festival-Ticket,
00536,,Festival-Ticket,
00537,,Festival-Ticket,
00538,,Festival-Ticket,
00539,,Festival-Ticket,
00540,,Festival-Ticket,
00541,,Festival-Ticket,
00542,,Festival-Ticket,
00543,,Festival-Ticket,
00544,,Festival-Ticket,
00545,,Festival-Ticket,
00546,,Festival-Ticket,
00547,,Festival-Ticket,
00548,,Festival-Ticket,
00549,,Festival-Ticket,
00550,,Festival-Ticket,
00551,,Festival-Ticket,
00552,,Festival-Ticket,
00553,,Festival-Ticket,
00554,,Festival-Ticket,
00555,,Festival-Ticket,
00556,,Festival-Ticket,
00557,,Festival-Ticket,
00558,,Festival-Ticket,
00559,,Festival-Ticket,
00560,,Festival-Ticket,
00561,,Festival-Ticket,
00562,,Festival-Ticket,
00563,,Festival-Ticket,
00564,,Festival-Ticket,
00565,,Festival-Ticket,
00566,,Festival-Ticket,
00567,,Festival-Ticket,
00568,,Festival-Ticket,
00569,,Festival-Ticket,
00570,,Festival-Ticket,
00571,,Festival-Ticket,
00572,,Festival-Ticket,
00573,,Festival-Ticket,
00574,,Festival-Ticket,
00575,,Festival-Ticket,
00576,,Festival-Ticket,
00577,,Festival-Ticket,
00578,,Festival-Ticket,
00579,,Festival-Ticket,
00580,,Festival-Ticket,
00581,,Festival-Ticket,
00582,,Festival-Ticket,
00583,,Festival-Ticket,
00584,,Festival-Ticket,
00585,,Festival-Ticket,
00586,,Festival-Ticket,
00587,,Festival-Ticket,
00588,,Festival-Ticket,
00589,,Festival-Ticket,
00590,,Festival-Ticket,
00591,,Festival-Ticket,
00592,,Festival-Ticket,
00593,,Festival-Ticket,
00594,,Festival-Ticket,
00595,,Festival-Ticket,
00596,,Festival-Ticket,
00597,,Festival-Ticket,
00598,,Festival-Ticket,
00599,,Festival-Ticket,
00600,,Festival-Ticket,
00601,,Festival-Ticket,
00602,,Festival-Ticket,
00603,,Festival-Ticket,
00604,,Festival-Ticket,
00605,,Festival-Ticket,
00606,,Festival-Ticket,
00607,,Festival-Ticket,
00608,,Festival-Ticket,
00609,,Festival-Ticket,
00610,,Festival-Ticket,
00611,,Festival-Ticket,
00612,,Festival-Ticket,
00613,,Festival-Ticket,
00614,,Festival-Ticket,
00615,,Festival-Ticket,
00616,,Festival-Ticket,
00617,,Festival-Ticket,
00618,,Festival-Ticket,
00619,,Festival-Ticket,
00620,,Festival-Ticket,
00621,,Festival-Ticket,
00622,,Festival-Ticket,
00623,,Festival-Ticket,
00624,,Festival-Ticket,
00625,,Festival-Ticket,
00626,,Festival-Ticket,
00627,,Festival-Ticket,
00628,,Festival-Ticket,
00629,,Festival-Ticket,
00630,,Festival-Ticket,
00631,,Festival-Ticket,
00632,,Festival-Ticket,
00633,,Festival-Ticket,
00634,,Festival-Ticket,
00635,,Festival-Ticket,
00636,,Festival-Ticket,
00637,,Festival-Ticket,
00638,,Festival-Ticket,
00639,,Festival-Ticket,
00640,,Festival-Ticket,
00641,,Festival-Ticket,
00642,,Festival-Ticket,
00643,,Festival-Ticket,
00644,,Festival-Ticket,
00645,,Festival-Ticket,
00646,,Festival-Ticket,
00647,,Festival-Ticket,
00648,,Festival-Ticket,
00649,,Festival-Ticket,
00650,,Festival-Ticket,
00651,,Festival-Ticket,
00652,,Festival-Ticket,
00653,,Festival-Ticket,
00654,,Festival-Ticket,
00655,,Festival-Ticket,
00656,,Festival-Ticket,
00657,,Festival-Ticket,
00658,,Festival-Ticket,
00659,,Festival-Ticket,
00660,,Festival-Ticket,
00661,,Festival-Ticket,
00662,,Festival-Ticket,
00663,,Festival-Ticket,
00664,,Festival-Ticket,
00665,,Festival-Ticket,
00666,,Festival-Ticket,
00667,,Festival-Ticket,
00668,,Festival-Ticket,
00669,,Festival-Ticket,
00670,,Festival-Ticket,
00671,,Festival-Ticket,
00672,,Festival-Ticket,
00673,,Festival-Ticket,
00674,,Festival-Ticket,
00675,,Festival-Ticket,
00676,,Festival-Ticket,
00677,,Festival-Ticket,
00678,,Festival-Ticket,
00679,,Festival-Ticket,
00680,,Festival-Ticket,
00681,,Festival-Ticket,
00682,,Festival-Ticket,
00683,,Festival-Ticket,
00684,,Festival-Ticket,
00685,,Festival-Ticket,
00686,,Festival-Ticket,
00687,,Festival-Ticket,
00688,,Festival-Ticket,
00689,,Festival-Ticket,
00690,,Festival-Ticket,
00691,,Festival-Ticket,
00692,,Festival-Ticket,
00693,,Festival-Ticket,
00694,,Festival-Ticket,
00695,,Festival-Ticket,
00696,,Festival-Ticket,
00697,,Festival-Ticket,
00698,,Festival-Ticket,
00699,,Festival-Ticket,
00700,,Festival-Ticket,
00701,,Festival-Ticket,
00702,,Festival-Ticket,
00703,,Festival-Ticket,
00704,,Festival-Ticket,
00705,,Festival-Ticket,
00706,,Festival-Ticket,
00707,,Festival-Ticket,
00708,,Festival-Ticket,
00709,,Festival-Ticket,
00710,,Festival-Ticket,
00711,,Festival-Ticket,
00712,,Festival-Ticket,
00713,,Festival-Ticket,
00714,,Festival-Ticket,
00715,,Festival-Ticket,
00716,,Festival-Ticket,
00717,,Festival-Ticket,
00718,,Festival-Ticket,
00719,,Festival-Ticket,
00720,,Festival-Ticket,
00721,,Festival-Ticket,
00722,,Festival-Ticket,
00723,,Festival-Ticket,
00724,,Festival-Ticket,
00725,,Festival-Ticket,
00726,,Festival-Ticket,
00727,,Festival-Ticket,
00728,,Festival-Ticket,
00729,,Festival-Ticket,
00730,,Festival-Ticket,
00731,,Festival-Ticket,
00732,,Festival-Ticket,
00733,,Festival-Ticket,
00734,,Festival-Ticket,
00735,,Festival-Ticket,
00736,,Festival-Ticket,
00737,,Festival-Ticket,
00738,,Festival-Ticket,
00739,,Festival-Ticket,
00740,,Festival-Ticket,
00741,,Festival-Ticket,
00742,,Festival-Ticket,
00743,,Festival-Ticket,
00744,,Festival-Ticket,
00745,,Festival-Ticket,
00746,,Festival-Ticket,
00747,,Festival-Ticket,
00748,,Festival-Ticket,
00749,,Festival-Ticket,
00750,,Festival-Ticket,
00751,,Festival-Ticket,
00752,,Festival-Ticket,
00753,,Festival-Ticket,
00754,,Festival-Ticket,
00755,,Festival-Ticket,
00756,,Festival-Ticket,
00757,,Festival-Ticket,
00758,,Festival-Ticket,
00759,,Festival-Ticket,
00760,,Festival-Ticket,
00761,,Festival-Ticket,
00762,,Festival-Ticket,
00763,,Festival-Ticket,
00764,,Festival-Ticket,
00765,,Festival-Ticket,
00766,,Festival-Ticket,
00767,,Festival-Ticket,
00768,,Festival-Ticket,
00769,,Festival-Ticket,
00770,,Festival-Ticket,
00771,,Festival-Ticket,
00772,,Festival-Ticket,
00773,,Festival-Ticket,
00774,,Festival-Ticket,
00775,,Festival-Ticket,
00776,,Festival-Ticket,
00777,,Festival-Ticket,
00778,,Festival-Ticket,
00779,,Festival-Ticket,
00780,,Festival-Ticket,
00781,,Festival-Ticket,
00782,,Festival-Ticket,
00783,,Festival-Ticket,
00784,,Festival-Ticket,
00785,,Festival-Ticket,
00786,,Festival-Ticket,
00787,,Festival-Ticket,
00788,,Festival-Ticket,
00789,,Festival-Ticket,
00790,,Festival-Ticket,
00791,,Festival-Ticket,
00792,,Festival-Ticket,
00793,,Festival-Ticket,
00794,,Festival-Ticket,
00795,,Festival-Ticket,
00796,,Festival-Ticket,
00797,,Festival-Ticket,
00798,,Festival-Ticket,
00799,,Festival-Ticket,
00800,,Festival-Ticket,
00801,,Festival-Ticket,
00802,,Festival-Ticket,
00803,,Festival-Ticket,
00804,,Festival-Ticket,
00805,,Festival-Ticket,
00806,,Festival-Ticket,
00807,,Festival-Ticket,
00808,,Festival-Ticket,
00809,,Festival-Ticket,
00810,,Festival-Ticket,
00811,,Festival-Ticket,
00812,,Festival-Ticket,
00813,,Festival-Ticket,
00814,,Festival-Ticket,
00815,,Festival-Ticket,
00816,,Festival-Ticket,
00817,,Festival-Ticket,
00818,,Festival-Ticket,
00819,,Festival-Ticket,
00820,,Festival-Ticket,
00821,,Festival-Ticket,
00822,,Festival-Ticket,
00823,,Festival-Ticket,
00824,,Festival-Ticket,
00825,,Festival-Ticket,
00826,,Festival-Ticket,
00827,,Festival-Ticket,
00828,,Festival-Ticket,
00829,,Festival-Ticket,
00830,,Festival-Ticket,
00831,,Festival-Ticket,
00832,,Festival-Ticket,
00833,,Festival-Ticket,
00834,,Festival-Ticket,
00835,,Festival-Ticket,
00836,,Festival-Ticket,
00837,,Festival-Ticket,
00838,,Festival-Ticket,
00839,,Festival-Ticket,
00840,,Festival-Ticket,
00841,,Festival-Ticket,
00842,,Festival-Ticket,
00843,,Festival-Ticket,
00844,,Festival-Ticket,
00845,,Festival-Ticket,
00846,,Festival-Ticket,
00847,,Festival-Ticket,
00848,,Festival-Ticket,
00849,,Festival-Ticket,
00850,,Festival-Ticket,
00851,,Festival-Ticket,
00852,,Festival-Ticket,
00853,,Festival-Ticket,
00854,,Festival-Ticket,
00855,,Festival-Ticket,
00856,,Festival-Ticket,
00857,,Festival-Ticket,
00858,,Festival-Ticket,
00859,,Festival-Ticket,
00860,,Festival-Ticket,
00861,,Festival-Ticket,
00862,,Festival-Ticket,
00863,,Festival-Ticket,
00864,,Festival-Ticket,
00865,,Festival-Ticket,
00866,,Festival-Ticket,
00867,,Festival-Ticket,
00868,,Festival-Ticket,
00869,,Festival-Ticket,
00870,,Festival-Ticket,
00871,,Festival-Ticket,
00872,,Festival-Ticket,
00873,,Festival-Ticket,
00874,,Festival-Ticket,
00875,,Festival-Ticket,
00876,,Festival-Ticket,
00877,,Festival-Ticket,
00878,,Festival-Ticket,
00879,,Festival-Ticket,
00880,,Festival-Ticket,
00881,,Festival-Ticket,
00882,,Festival-Ticket,
00883,,Festival-Ticket,
00884,,Festival-Ticket,
00885,,Festival-Ticket,
00886,,Festival-Ticket,
00887,,Festival-Ticket,
00888,,Festival-Ticket,
00889,,Festival-Ticket,
00890,,Festival-Ticket,
00891,,Festival-Ticket,
00892,,Festival-Ticket,
00893,,Festival-Ticket,
00894,,Festival-Ticket,
00895,,Festival-Ticket,
00896,,Festival-Ticket,
00897,,Festival-Ticket,
00898,,Festival-Ticket,
00899,,Festival-Ticket,
00900,,Festival-Ticket,
00901,,Festival-Ticket,
00902,,Festival-Ticket,
00903,,Festival-Ticket,
00904,,Festival-Ticket,
00905,,Festival-Ticket,
00906,,Festival-Ticket,
00907,,Festival-Ticket,
00908,,Festival-Ticket,
00909,,Festival-Ticket,
00910,,Festival-Ticket,
00911,,Festival-Ticket,
00912,,Festival-Ticket,
00913,,Festival-Ticket,
00914,,Festival-Ticket,
00915,,Festival-Ticket,
00916,,Festival-Ticket,
00917,,Festival-Ticket,
00918,,Festival-Ticket,
00919,,Festival-Ticket,
00920,,Festival-Ticket,
00921,,Festival-Ticket,
00922,,Festival-Ticket,
00923,,Festival-Ticket,
00924,,Festival-Ticket,
00925,,Festival-Ticket,
00926,,Festival-Ticket,
00927,,Festival-Ticket,
00928,,Festival-Ticket,
00929,,Festival-Ticket,
00930,,Festival-Ticket,
00931,,Festival-Ticket,
00932,,Festival-Ticket,
00933,,Festival-Ticket,
00934,,Festival-Ticket,
00935,,Festival-Ticket,
00936,,Festival-Ticket,
00937,,Festival-Ticket,
00938,,Festival-Ticket,
00939,,Festival-Ticket,
00940,,Festival-Ticket,
00941,,Festival-Ticket,
00942,,Festival-Ticket,
00943,,Festival-Ticket,
00944,,Festival-Ticket,
00945,,Festival-Ticket,
00946,,Festival-Ticket,
00947,,Festival-Ticket,
00948,,Festival-Ticket,
00949,,Festival-Ticket,
00950,,Festival-Ticket,
00951,,Festival-Ticket,
00952,,Festival-Ticket,
00953,,Festival-Ticket,
00954,,Festival-Ticket,
00955,,Festival-Ticket,
00956,,Festival-Ticket,
00957,,Festival-Ticket,
00958,,Festival-Ticket,
00959,,Festival-Ticket,
00960,,Festival-Ticket,
00961,,Festival-Ticket,
00962,,Festival-Ticket,
00963,,Festival-Ticket,
00964,,Festival-Ticket,
00965,,Festival-Ticket,
00966,,Festival-Ticket,
00967,,Festival-Ticket,
00968,,Festival-Ticket,
00969,,Festival-Ticket,
00970,,Festival-Ticket,
00971,,Festival-Ticket,
00972,,Festival-Ticket,
00973,,Festival-Ticket,
00974,,Festival-Ticket,
00975,,Festival-Ticket,
00976,,Festival-Ticket,
00977,,Festival-Ticket,
00978,,Festival-Ticket,
00979,,Festival-Ticket,
00980,,Festival-Ticket,
00981,,Festival-Ticket,
00982,,Festival-Ticket,
00983,,Festival-Ticket,
00984,,Festival-Ticket,
00985,,Festival-Ticket,
00986,,Festival-Ticket,
00987,,Festival-Ticket,
00988,,Festival-Ticket,
00989,,Festival-Ticket,
00990,,Festival-Ticket,
00991,,Festival-Ticket,
00992,,Festival-Ticket,
00993,,Festival-Ticket,
00994,,Festival-Ticket,
00995,,Festival-Ticket,
00996,,Festival-Ticket,
00997,,Festival-Ticket,
00998,,Festival-Ticket,
00999,,Festival-Ticket,
01000,,Festival-Ticket,
01001,,Festival-Ticket,
01002,,Festival-Ticket,
01003,,Festival-Ticket,
01004,,Festival-Ticket,
01005,,Festival-Ticket,
01006,,Festival-Ticket,
01007,,Festival-Ticket,
01008,,Festival-Ticket,
01009,,Festival-Ticket,
01010,,Festival-Ticket,
01011,,Festival-Ticket,
01012,,Festival-Ticket,
01013,,Festival-Ticket,
01014,,Festival-Ticket,
01015,,Festival-Ticket,
01016,,Festival-Ticket,
01017,,Festival-Ticket,
01018,,Festival-Ticket,
01019,,Festival-Ticket,
01020,,Festival-Ticket,
01021,,Festival-Ticket,
01022,,Festival-Ticket,
01023,,Festival-Ticket,
01024,,Festival-Ticket,
01025,,Festival-Ticket,
01026,,Festival-Ticket,
01027,,Festival-Ticket,
01028,,Festival-Ticket,
01029,,Festival-Ticket,
01030,,Festival-Ticket,
01031,,Festival-Ticket,
01032,,Festival-Ticket,
01033,,Festival-Ticket,
01034,,Festival-Ticket,
01035,,Festival-Ticket,
01036,,Festival-Ticket,
01037,,Festival-Ticket,
01038,,Festival-Ticket,
01039,,Festival-Ticket,
01040,,Festival-Ticket,
01041,,Festival-Ticket,
01042,,Festival-Ticket,
01043,,Festival-Ticket,
01044,,Festival-Ticket,
01045,,Festival-Ticket,
01046,,Festival-Ticket,
01047,,Festival-Ticket,
01048,,Festival-Ticket,
01049,,Festival-Ticket,
01050,,Festival-Ticket,
01051,,Festival-Ticket,
01052,,Festival-Ticket,
01053,,Festival-Ticket,
01054,,Festival-Ticket,
01055,,Festival-Ticket,
01056,,Festival-Ticket,
01057,,Festival-Ticket,
01058,,Festival-Ticket,
01059,,Festival-Ticket,
01060,,Festival-Ticket,
01061,,Festival-Ticket,
01062,,Festival-Ticket,
01063,,Festival-Ticket,
01064,,Festival-Ticket,
01065,,Festival-Ticket,
01066,,Festival-Ticket,
01067,,Festival-Ticket,
01068,,Festival-Ticket,
01069,,Festival-Ticket,
01070,,Festival-Ticket,
01071,,Festival-Ticket,
01072,,Festival-Ticket,
01073,,Festival-Ticket,
01074,,Festival-Ticket,
01075,,Festival-Ticket,
01076,,Festival-Ticket,
01077,,Festival-Ticket,
01078,,Festival-Ticket,
01079,,Festival-Ticket,
01080,,Festival-Ticket,
01081,,Festival-Ticket,
01082,,Festival-Ticket,
01083,,Festival-Ticket,
01084,,Festival-Ticket,
01085,,Festival-Ticket,
01086,,Festival-Ticket,
01087,,Festival-Ticket,
01088,,Festival-Ticket,
01089,,Festival-Ticket,
01090,,Festival-Ticket,
01091,,Festival-Ticket,
01092,,Festival-Ticket,
01093,,Festival-Ticket,
01094,,Festival-Ticket,
01095,,Festival-Ticket,
01096,,Festival-Ticket,
01097,,Festival-Ticket,
01098,,Festival-Ticket,
01099,,Festival-Ticket,
01100,,Festival-Ticket,
01101,,Festival-Ticket,
01102,,Festival-Ticket,
01103,,Festival-Ticket,
01104,,Festival-Ticket,
01105,,Festival-Ticket,
01106,,Festival-Ticket,
01107,,Festival-Ticket,
01108,,Festival-Ticket,
01109,,Festival-Ticket,
01110,,Festival-Ticket,
01111,,Festival-Ticket,
01112,,Festival-Ticket,
01113,,Festival-Ticket,
01114,,Festival-Ticket,
01115,,Festival-Ticket,
01116,,Festival-Ticket,
01117,,Festival-Ticket,
01118,,Festival-Ticket,
01119,,Festival-Ticket,
01120,,Festival-Ticket,
01121,,Festival-Ticket,
01122,,Festival-Ticket,
01123,,Festival-Ticket,
01124,,Festival-Ticket,
01125,,Festival-Ticket,
01126,,Festival-Ticket,
01127,,Festival-Ticket,
01128,,Festival-Ticket,
01129,,Festival-Ticket,
01130,,Festival-Ticket,
01131,,Festival-Ticket,
01132,,Festival-Ticket,
01133,,Festival-Ticket,
01134,,Festival-Ticket,
01135,,Festival-Ticket,
01136,,Festival-Ticket,
01137,,Festival-Ticket,
01138,,Festival-Ticket,
01139,,Festival-Ticket,
01140,,Festival-Ticket,
01141,,Festival-Ticket,
01142,,Festival-Ticket,
01143,,Festival-Ticket,
01144,,Festival-Ticket,
01145,,Festival-Ticket,
01146,,Festival-Ticket,
01147,,Festival-Ticket,
01148,,Festival-Ticket,
01149,,Festival-Ticket,
01150,,Festival-Ticket,
01151,,Festival-Ticket,
01152,,Festival-Ticket,
01153,,Festival-Ticket,
01154,,Festival-Ticket,
01155,,Festival-Ticket,
01156,,Festival-Ticket,
01157,,Festival-Ticket,
01158,,Festival-Ticket,
01159,,Festival-Ticket,
01160,,Festival-Ticket,
01161,,Festival-Ticket,
01162,,Festival-Ticket,
01163,,Festival-Ticket,
01164,,Festival-Ticket,
01165,,Festival-Ticket,
01166,,Festival-Ticket,
01167,,Festival-Ticket,
01168,,Festival-Ticket,
01169,,Festival-Ticket,
01170,,Festival-Ticket,
01171,,Festival-Ticket,
01172,,Festival-Ticket,
01173,,Festival-Ticket,
01174,,Festival-Ticket,
01175,,Festival-Ticket,
01176,,Festival-Ticket,
01177,,Festival-Ticket,
01178,,Festival-Ticket,
01179,,Festival-Ticket,
01180,,Festival-Ticket,
01181,,Festival-Ticket,
01182,,Festival-Ticket,
01183,,Festival-Ticket,
01184,,Festival-Ticket,
01185,,Festival-Ticket,
01186,,Festival-Ticket,
01187,,Festival-Ticket,
01188,,Festival-Ticket,
01189,,Festival-Ticket,
01190,,Festival-Ticket,
01191,,Festival-Ticket,
01192,,Festival-Ticket,
01193,,Festival-Ticket,
01194,,Festival-Ticket,
01195,,Festival-Ticket,
01196,,Festival-Ticket,
01197,,Festival-Ticket,
01198,,Festival-Ticket,
01199,,Festival-Ticket,
01200,,Festival-Ticket,
01201,,Festival-Ticket,
01202,,Festival-Ticket,
01203,,Festival-Ticket,
01204,,Festival-Ticket,
01205,,Festival-Ticket,
01206,,Festival-Ticket,
01207,,Festival-Ticket,
01208,,Festival-Ticket,
01209,,Festival-Ticket,
01210,,Festival-Ticket,
01211,,Festival-Ticket,
01212,,Festival-Ticket,
01213,,Festival-Ticket,
01214,,Festival-Ticket,
01215,,Festival-Ticket,
01216,,Festival-Ticket,
01217,,Festival-Ticket,
01218,,Festival-Ticket,
01219,,Festival-Ticket,
01220,,Festival-Ticket,
01221,,Festival-Ticket,
01222,,Festival-Ticket,
01223,,Festival-Ticket,
01224,,Festival-Ticket,
01225,,Festival-Ticket,
01226,,Festival-Ticket,
01227,,Festival-Ticket,
01228,,Festival-Ticket,
01229,,Festival-Ticket,
01230,,Festival-Ticket,
01231,,Festival-Ticket,
01232,,Festival-Ticket,
01233,,Festival-Ticket,
01234,,Festival-Ticket,
01235,,Festival-Ticket,
01236,,Festival-Ticket,
01237,,Festival-Ticket,
01238,,Festival-Ticket,
01239,,Festival-Ticket,
01240,,Festival-Ticket,
01241,,Festival-Ticket,
01242,,Festival-Ticket,
01243,,Festival-Ticket,
01244,,Festival-Ticket,
01245,,Festival-Ticket,
01246,,Festival-Ticket,
01247,,Festival-Ticket,
01248,,Festival-Ticket,
01249,,Festival-Ticket,
01250,,Festival-Ticket,
01251,,Festival-Ticket,
01252,,Festival-Ticket,
01253,,Festival-Ticket,
01254,,Festival-Ticket,
01255,,Festival-Ticket,
01256,,Festival-Ticket,
01257,,Festival-Ticket,
01258,,Festival-Ticket,
01259,,Festival-Ticket,
01260,,Festival-Ticket,
01261,,Festival-Ticket,
01262,,Festival-Ticket,
01263,,Festival-Ticket,
01264,,Festival-Ticket,
01265,,Festival-Ticket,
01266,,Festival-Ticket,
01267,,Festival-Ticket,
01268,,Festival-Ticket,
01269,,Festival-Ticket,
01270,,Festival-Ticket,
01271,,Festival-Ticket,
01272,,Festival-Ticket,
01273,,Festival-Ticket,
01274,,Festival-Ticket,
01275,,Festival-Ticket,
01276,,Festival-Ticket,
01277,,Festival-Ticket,
01278,,Festival-Ticket,
01279,,Festival-Ticket,
01280,,Festival-Ticket,
01281,,Festival-Ticket,
01282,,Festival-Ticket,
01283,,Festival-Ticket,
01284,,Festival-Ticket,
01285,,Festival-Ticket,
01286,,Festival-Ticket,
01287,,Festival-Ticket,
01288,,Festival-Ticket,
01289,,Festival-Ticket,
01290,,Festival-Ticket,
01291,,Festival-Ticket,
01292,,Festival-Ticket,
01293,,Festival-Ticket,
01294,,Festival-Ticket,
01295,,Festival-Ticket,
01296,,Festival-Ticket,
01297,,Festival-Ticket,
01298,,Festival-Ticket,
01299,,Festival-Ticket,
01300,,Festival-Ticket,
01301,,Festival-Ticket,
01302,,Festival-Ticket,
01303,,Festival-Ticket,
01304,,Festival-Ticket,
01305,,Festival-Ticket,
01306,,Festival-Ticket,
01307,,Festival-Ticket,
01308,,Festival-Ticket,
01309,,Festival-Ticket,
01310,,Festival-Ticket,
01311,,Festival-Ticket,
01312,,Festival-Ticket,
01313,,Festival-Ticket,
01314,,Festival-Ticket,
01315,,Festival-Ticket,
01316,,Festival-Ticket,
01317,,Festival-Ticket,
01318,,Festival-Ticket,
01319,,Festival-Ticket,
01320,,Festival-Ticket,
01321,,Festival-Ticket,
01322,,Festival-Ticket,
01323,,Festival-Ticket,
01324,,Festival-Ticket,
01325,,Festival-Ticket,
01326,,Festival-Ticket,
01327,,Festival-Ticket,
01328,,Festival-Ticket,
01329,,Festival-Ticket,
01330,,Festival-Ticket,
01331,,Festival-Ticket,
01332,,Festival-Ticket,
01333,,Festival-Ticket,
01334,,Festival-Ticket,
01335,,Festival-Ticket,
01336,,Festival-Ticket,
01337,,Festival-Ticket,
01338,,Festival-Ticket,
01339,,Festival-Ticket,
01340,,Festival-Ticket,
01341,,Festival-Ticket,
01342,,Festival-Ticket,
01343,,Festival-Ticket,
01344,,Festival-Ticket,
01345,,Festival-Ticket,
01346,,Festival-Ticket,
01347,,Festival-Ticket,
01348,,Festival-Ticket,
01349,,Festival-Ticket,
01350,,Festival-Ticket,
01351,,Festival-Ticket,
01352,,Festival-Ticket,
01353,,Festival-Ticket,
01354,,Festival-Ticket,
01355,,Festival-Ticket,
01356,,Festival-Ticket,
01357,,Festival-Ticket,
01358,,Festival-Ticket,
01359,,Festival-Ticket,
01360,,Festival-Ticket,
01361,,Festival-Ticket,
01362,,Festival-Ticket,
01363,,Festival-Ticket,
01364,,Festival-Ticket,
01365,,Festival-Ticket,
01366,,Festival-Ticket,
01367,,Festival-Ticket,
01368,,Festival-Ticket,
01369,,Festival-Ticket,
01370,,Festival-Ticket,
01371,,Festival-Ticket,
01372,,Festival-Ticket,
01373,,Festival-Ticket,
01374,,Festival-Ticket,
01375,,Festival-Ticket,
01376,,Festival-Ticket,
01377,,Festival-Ticket,
01378,,Festival-Ticket,
01379,,Festival-Ticket,
01380,,Festival-Ticket,
01381,,Festival-Ticket,
01382,,Festival-Ticket,
01383,,Festival-Ticket,
01384,,Festival-Ticket,
01385,,Festival-Ticket,
01386,,Festival-Ticket,
01387,,Festival-Ticket,
01388,,Festival-Ticket,
01389,,Festival-Ticket,
01390,,Festival-Ticket,
01391,,Festival-Ticket,
01392,,Festival-Ticket,
01393,,Festival-Ticket,
01394,,Festival-Ticket,
01395,,Festival-Ticket,
01396,,Festival-Ticket,
01397,,Festival-Ticket,
01398,,Festival-Ticket,
01399,,Festival-Ticket,
01400,,Festival-Ticket,
01401,,Festival-Ticket,
01402,,Festival-Ticket,
01403,,Festival-Ticket,
01404,,Festival-Ticket,
01405,,Festival-Ticket,
01406,,Festival-Ticket,
01407,,Festival-Ticket,
01408,,Festival-Ticket,
01409,,Festival-Ticket,
01410,,Festival-Ticket,
01411,,Festival-Ticket,
01412,,Festival-Ticket,
01413,,Festival-Ticket,
01414,,Festival-Ticket,
01415,,Festival-Ticket,
01416,,Festival-Ticket,
01417,,Festival-Ticket,
01418,,Festival-Ticket,
01419,,Festival-Ticket,
01420,,Festival-Ticket,
01421,,Festival-Ticket,
01422,,Festival-Ticket,
01423,,Festival-Ticket,
01424,,Festival-Ticket,
01425,,Festival-Ticket,
01426,,Festival-Ticket,
01427,,Festival-Ticket,
01428,,Festival-Ticket,
01429,,Festival-Ticket,
01430,,Festival-Ticket,
01431,,Festival-Ticket,
01432,,Festival-Ticket,
01433,,Festival-Ticket,
01434,,Festival-Ticket,
01435,,Festival-Ticket,
01436,,Festival-Ticket,
01437,,Festival-Ticket,
01438,,Festival-Ticket,
01439,,Festival-Ticket,
01440,,Festival-Ticket,
01441,,Festival-Ticket,
01442,,Festival-Ticket,
01443,,Festival-Ticket,
01444,,Festival-Ticket,
01445,,Festival-Ticket,
01446,,Festival-Ticket,
01447,,Festival-Ticket,
01448,,Festival-Ticket,
01449,,Festival-Ticket,
01450,,Festival-Ticket,
01451,,Festival-Ticket,
01452,,Festival-Ticket,
01453,,Festival-Ticket,
01454,,Festival-Ticket,
01455,,Festival-Ticket,
01456,,Festival-Ticket,
01457,,Festival-Ticket,
01458,,Festival-Ticket,
01459,,Festival-Ticket,
01460,,Festival-Ticket,
01461,,Festival-Ticket,
01462,,Festival-Ticket,
01463,,Festival-Ticket,
01464,,Festival-Ticket,
01465,,Festival-Ticket,
01466,,Festival-Ticket,
01467,,Festival-Ticket,
01468,,Festival-Ticket,
01469,,Festival-Ticket,
01470,,Festival-Ticket,
01471,,Festival-Ticket,
01472,,Festival-Ticket,
01473,,Festival-Ticket,
01474,,Festival-Ticket,
01475,,Festival-Ticket,
01476,,Festival-Ticket,
01477,,Festival-Ticket,
01478,,Festival-Ticket,
01479,,Festival-Ticket,
01480,,Festival-Ticket,
01481,,Festival-Ticket,
01482,,Festival-Ticket,
01483,,Festival-Ticket,
01484,,Festival-Ticket,
01485,,Festival-Ticket,
01486,,Festival-Ticket,
01487,,Festival-Ticket,
01488,,Festival-Ticket,
01489,,Festival-Ticket,
01490,,Festival-Ticket,
01491,,Festival-Ticket,
01492,,Festival-Ticket,
01493,,Festival-Ticket,
01494,,Festival-Ticket,
01495,,Festival-Ticket,
01496,,Festival-Ticket,
01497,,Festival-Ticket,
01498,,Festival-Ticket,
01499,,Festival-Ticket,
01500,,Festival-Ticket,
01501,,Festival-Ticket,
01502,,Festival-Ticket,
01503,,Festival-Ticket,
01504,,Festival-Ticket,
01505,,Festival-Ticket,
01506,,Festival-Ticket,
01507,,Festival-Ticket,
01508,,Festival-Ticket,
01509,,Festival-Ticket,
01510,,Festival-Ticket,
01511,,Festival-Ticket,
01512,,Festival-Ticket,
01513,,Festival-Ticket,
01514,,Festival-Ticket,
01515,,Festival-Ticket,
01516,,Festival-Ticket,
01517,,Festival-Ticket,
01518,,Festival-Ticket,
01519,,Festival-Ticket,
01520,,Festival-Ticket,
01521,,Festival-Ticket,
01522,,Festival-Ticket,
01523,,Festival-Ticket,
01524,,Festival-Ticket,
01525,,Festival-Ticket,
01526,,Festival-Ticket,
01527,,Festival-Ticket,
01528,,Festival-Ticket,
01529,,Festival-Ticket,
01530,,Festival-Ticket,
01531,,Festival-Ticket,
01532,,Festival-Ticket,
01533,,Festival-Ticket,
01534,,Festival-Ticket,
01535,,Festival-Ticket,
01536,,Festival-Ticket,
01537,,Festival-Ticket,
01538,,Festival-Ticket,
01539,,Festival-Ticket,
01540,,Festival-Ticket,
01541,,Festival-Ticket,
01542,,Festival-Ticket,
01543,,Festival-Ticket,
01544,,Festival-Ticket,
01545,,Festival-Ticket,
01546,,Festival-Ticket,
01547,,Festival-Ticket,
01548,,Festival-Ticket,
01549,,Festival-Ticket,
01550,,Festival-Ticket,
01551,,Festival-Ticket,
01552,,Festival-Ticket,
01553,,Festival-Ticket,
01554,,Festival-Ticket,
01555,,Festival-Ticket,
01556,,Festival-Ticket,
01557,,Festival-Ticket,
01558,,Festival-Ticket,
01559,,Festival-Ticket,
01560,,Festival-Ticket,
01561,,Festival-Ticket,
01562,,Festival-Ticket,
01563,,Festival-Ticket,
01564,,Festival-Ticket,
01565,,Festival-Ticket,
01566,,Festival-Ticket,
01567,,Festival-Ticket,
01568,,Festival-Ticket,
01569,,Festival-Ticket,
01570,,Festival-Ticket,
01571,,Festival-Ticket,
01572,,Festival-Ticket,
01573,,Festival-Ticket,
01574,,Festival-Ticket,
01575,,Festival-Ticket,
01576,,Festival-Ticket,
01577,,Festival-Ticket,
01578,,Festival-Ticket,
01579,,Festival-Ticket,
01580,,Festival-Ticket,
01581,,Festival-Ticket,
01582,,Festival-Ticket,
01583,,Festival-Ticket,
01584,,Festival-Ticket,
01585,,Festival-Ticket,
01586,,Festival-Ticket,
01587,,Festival-Ticket,
01588,,Festival-Ticket,
01589,,Festival-Ticket,
01590,,Festival-Ticket,
01591,,Festival-Ticket,
01592,,Festival-Ticket,
01593,,Festival-Ticket,
01594,,Festival-Ticket,
01595,,Festival-Ticket,
01596,,Festival-Ticket,
01597,,Festival-Ticket,
01598,,Festival-Ticket,
01599,,Festival-Ticket,
01600,,Festival-Ticket,
01601,,Festival-Ticket,
01602,,Festival-Ticket,
01603,,Festival-Ticket,
01604,,Festival-Ticket,
01605,,Festival-Ticket,
01606,,Festival-Ticket,
01607,,Festival-Ticket,
01608,,Festival-Ticket,
01609,,Festival-Ticket,
01610,,Festival-Ticket,
01611,,Festival-Ticket,
01612,,Festival-Ticket,
01613,,Festival-Ticket,
01614,,Festival-Ticket,
01615,,Festival-Ticket,
01616,,Festival-Ticket,
01617,,Festival-Ticket,
01618,,Festival-Ticket,
01619,,Festival-Ticket,
01620,,Festival-Ticket,
01621,,Festival-Ticket,
01622,,Festival-Ticket,
01623,,Festival-Ticket,
01624,,Festival-Ticket,
01625,,Festival-Ticket,
01626,,Festival-Ticket,
01627,,Festival-Ticket,
01628,,Festival-Ticket,
01629,,Festival-Ticket,
01630,,Festival-Ticket,
01631,,Festival-Ticket,
01632,,Festival-Ticket,
01633,,Festival-Ticket,
01634,,Festival-Ticket,
01635,,Festival-Ticket,
01636,,Festival-Ticket,
01637,,Festival-Ticket,
01638,,Festival-Ticket,
01639,,Festival-Ticket,
01640,,Festival-Ticket,
01641,,Festival-Ticket,
01642,,Festival-Ticket,
01643,,Festival-Ticket,
01644,,Festival-Ticket,
01645,,Festival-Ticket,
01646,,Festival-Ticket,
01647,,Festival-Ticket,
01648,,Festival-Ticket,
01649,,Festival-Ticket,
01650,,Festival-Ticket,
01651,,Festival-Ticket,
01652,,Festival-Ticket,
01653,,Festival-Ticket,
01654,,Festival-Ticket,
01655,,Festival-Ticket,
01656,,Festival-Ticket,
01657,,Festival-Ticket,
01658,,Festival-Ticket,
01659,,Festival-Ticket,
01660,,Festival-Ticket,
01661,,Festival-Ticket,
01662,,Festival-Ticket,
01663,,Festival-Ticket,
01664,,Festival-Ticket,
01665,,Festival-Ticket,
01666,,Festival-Ticket,
01667,,Festival-Ticket,
01668,,Festival-Ticket,
01669,,Festival-Ticket,
01670,,Festival-Ticket,
01671,,Festival-Ticket,
01672,,Festival-Ticket,
01673,,Festival-Ticket,
01674,,Festival-Ticket,
01675,,Festival-Ticket,
01676,,Festival-Ticket,
01677,,Festival-Ticket,
01678,,Festival-Ticket,
01679,,Festival-Ticket,
01680,,Festival-Ticket,
01681,,Festival-Ticket,
01682,,Festival-Ticket,
01683,,Festival-Ticket,
01684,,Festival-Ticket,
01685,,Festival-Ticket,
01686,,Festival-Ticket,
01687,,Festival-Ticket,
01688,,Festival-Ticket,
01689,,Festival-Ticket,
01690,,Festival-Ticket,
01691,,Festival-Ticket,
01692,,Festival-Ticket,
01693,,Festival-Ticket,
01694,,Festival-Ticket,
01695,,Festival-Ticket,
01696,,Festival-Ticket,
01697,,Festival-Ticket,
01698,,Festival-Ticket,
01699,,Festival-Ticket,
01700,,Festival-Ticket,
01701,,Festival-Ticket,
01702,,Festival-Ticket,
01703,,Festival-Ticket,
01704,,Festival-Ticket,
01705,,Festival-Ticket,
01706,,Festival-Ticket,
01707,,Festival-Ticket,
01708,,Festival-Ticket,
01709,,Festival-Ticket,
01710,,Festival-Ticket,
01711,,Festival-Ticket,
01712,,Festival-Ticket,
01713,,Festival-Ticket,
01714,,Festival-Ticket,
01715,,Festival-Ticket,
01716,,Festival-Ticket,
01717,,Festival-Ticket,
01718,,Festival-Ticket,
01719,,Festival-Ticket,
01720,,Festival-Ticket,
01721,,Festival-Ticket,
01722,,Festival-Ticket,
01723,,Festival-Ticket,
01724,,Festival-Ticket,
01725,,Festival-Ticket,
01726,,Festival-Ticket,
01727,,Festival-Ticket,
01728,,Festival-Ticket,
01729,,Festival-Ticket,
01730,,Festival-Ticket,
01731,,Festival-Ticket,
01732,,Festival-Ticket,
01733,,Festival-Ticket,
01734,,Festival-Ticket,
01735,,Festival-Ticket,
01736,,Festival-Ticket,
01737,,Festival-Ticket,
01738,,Festival-Ticket,
01739,,Festival-Ticket,
01740,,Festival-Ticket,
01741,,Festival-Ticket,
01742,,Festival-Ticket,
01743,,Festival-Ticket,
01744,,Festival-Ticket,
01745,,Festival-Ticket,
01746,,Festival-Ticket,
01747,,Festival-Ticket,
01748,,Festival-Ticket,
01749,,Festival-Ticket,
01750,,Festival-Ticket,
01751,,Festival-Ticket,
01752,,Festival-Ticket,
01753,,Festival-Ticket,
01754,,Festival-Ticket,
01755,,Festival-Ticket,
01756,,Festival-Ticket,
01757,,Festival-Ticket,
01758,,Festival-Ticket,
01759,,Festival-Ticket,
01760,,Festival-Ticket,
01761,,Festival-Ticket,
01762,,Festival-Ticket,
01763,,Festival-Ticket,
01764,,Festival-Ticket,
01765,,Festival-Ticket,
01766,,Festival-Ticket,
01767,,Festival-Ticket,
01768,,Festival-Ticket,
01769,,Festival-Ticket,
01770,,Festival-Ticket,
01771,,Festival-Ticket,
01772,,Festival-Ticket,
01773,,Festival-Ticket,
01774,,Festival-Ticket,
01775,,Festival-Ticket,
01776,,Festival-Ticket,
01777,,Festival-Ticket,
01778,,Festival-Ticket,
01779,,Festival-Ticket,
01780,,Festival-Ticket,
01781,,Festival-Ticket,
01782,,Festival-Ticket,
01783,,Festival-Ticket,
01784,,Festival-Ticket,
01785,,Festival-Ticket,
01786,,Festival-Ticket,
01787,,Festival-Ticket,
01788,,Festival-Ticket,
01789,,Festival-Ticket,
01790,,Festival-Ticket,
01791,,Festival-Ticket,
01792,,Festival-Ticket,
01793,,Festival-Ticket,
01794,,Festival-Ticket,
01795,,Festival-Ticket,
01796,,Festival-Ticket,
01797,,Festival-Ticket,
01798,,Festival-Ticket,
01799,,Festival-Ticket,
01800,,Festival-Ticket,
01801,,Festival-Ticket,
01802,,Festival-Ticket,
01803,,Festival-Ticket,
01804,,Festival-Ticket,
01805,,Festival-Ticket,
01806,,Festival-Ticket,
01807,,Festival-Ticket,
01808,,Festival-Ticket,
01809,,Festival-Ticket,
01810,,Festival-Ticket,
01811,,Festival-Ticket,
01812,,Festival-Ticket,
01813,,Festival-Ticket,
01814,,Festival-Ticket,
01815,,Festival-Ticket,
01816,,Festival-Ticket,
01817,,Festival-Ticket,
01818,,Festival-Ticket,
01819,,Festival-Ticket,
01820,,Festival-Ticket,
01821,,Festival-Ticket,
01822,,Festival-Ticket,
01823,,Festival-Ticket,
01824,,Festival-Ticket,
01825,,Festival-Ticket,
01826,,Festival-Ticket,
01827,,Festival-Ticket,
01828,,Festival-Ticket,
01829,,Festival-Ticket,
01830,,Festival-Ticket,
01831,,Festival-Ticket,
01832,,Festival-Ticket,
01833,,Festival-Ticket,
01834,,Festival-Ticket,
01835,,Festival-Ticket,
01836,,Festival-Ticket,
01837,,Festival-Ticket,
01838,,Festival-Ticket,
01839,,Festival-Ticket,
01840,,Festival-Ticket,
01841,,Festival-Ticket,
01842,,Festival-Ticket,
01843,,Festival-Ticket,
01844,,Festival-Ticket,
01845,,Festival-Ticket,
01846,,Festival-Ticket,
01847,,Festival-Ticket,
01848,,Festival-Ticket,
01849,,Festival-Ticket,
01850,,Festival-Ticket,
01851,,Festival-Ticket,
01852,,Festival-Ticket,
01853,,Festival-Ticket,
01854,,Festival-Ticket,
01855,,Festival-Ticket,
01856,,Festival-Ticket,
01857,,Festival-Ticket,
01858,,Festival-Ticket,
01859,,Festival-Ticket,
01860,,Festival-Ticket,
01861,,Festival-Ticket,
01862,,Festival-Ticket,
01863,,Festival-Ticket,
01864,,Festival-Ticket,
01865,,Festival-Ticket,
01866,,Festival-Ticket,
01867,,Festival-Ticket,
01868,,Festival-Ticket,
01869,,Festival-Ticket,
01870,,Festival-Ticket,
01871,,Festival-Ticket,
01872,,Festival-Ticket,
01873,,Festival-Ticket,
01874,,Festival-Ticket,
01875,,Festival-Ticket,
01876,,Festival-Ticket,
01877,,Festival-Ticket,
01878,,Festival-Ticket,
01879,,Festival-Ticket,
01880,,Festival-Ticket,
01881,,Festival-Ticket,
01882,,Festival-Ticket,
01883,,Festival-Ticket,
01884,,Festival-Ticket,
01885,,Festival-Ticket,
01886,,Festival-Ticket,
01887,,Festival-Ticket,
01888,,Festival-Ticket,
01889,,Festival-Ticket,
01890,,Festival-Ticket,
01891,,Festival-Ticket,
01892,,Festival-Ticket,
01893,,Festival-Ticket,
01894,,Festival-Ticket,
01895,,Festival-Ticket,
01896,,Festival-Ticket,
01897,,Festival-Ticket,
01898,,Festival-Ticket,
01899,,Festival-Ticket,
01900,,Festival-Ticket,
01901,,Festival-Ticket,
01902,,Festival-Ticket,
01903,,Festival-Ticket,
01904,,Festival-Ticket,
01905,,Festival-Ticket,
01906,,Festival-Ticket,
01907,,Festival-Ticket,
01908,,Festival-Ticket,
01909,,Festival-Ticket,
01910,,Festival-Ticket,
01911,,Festival-Ticket,
01912,,Festival-Ticket,
01913,,Festival-Ticket,
01914,,Festival-Ticket,
01915,,Festival-Ticket,
01916,,Festival-Ticket,
01917,,Festival-Ticket,
01918,,Festival-Ticket,
01919,,Festival-Ticket,
01920,,Festival-Ticket,
01921,,Festival-Ticket,
01922,,Festival-Ticket,
01923,,Festival-Ticket,
01924,,Festival-Ticket,
01925,,Festival-Ticket,
01926,,Festival-Ticket,
01927,,Festival-Ticket,
01928,,Festival-Ticket,
01929,,Festival-Ticket,
01930,,Festival-Ticket,
01931,,Festival-Ticket,
01932,,Festival-Ticket,
01933,,Festival-Ticket,
01934,,Festival-Ticket,
01935,,Festival-Ticket,
01936,,Festival-Ticket,
01937,,Festival-Ticket,
01938,,Festival-Ticket,
01939,,Festival-Ticket,
01940,,Festival-Ticket,
01941,,Festival-Ticket,
01942,,Festival-Ticket,
01943,,Festival-Ticket,
01944,,Festival-Ticket,
01945,,Festival-Ticket,
01946,,Festival-Ticket,
01947,,Festival-Ticket,
01948,,Festival-Ticket,
01949,,Festival-Ticket,
01950,,Festival-Ticket,
01951,,Festival-Ticket,
01952,,Festival-Ticket,
01953,,Festival-Ticket,
01954,,Festival-Ticket,
01955,,Festival-Ticket,
01956,,Festival-Ticket,
01957,,Festival-Ticket,
01958,,Festival-Ticket,
01959,,Festival-Ticket,
01960,,Festival-Ticket,
01961,,Festival-Ticket,
01962,,Festival-Ticket,
01963,,Festival-Ticket,
01964,,Festival-Ticket,
01965,,Festival-Ticket,
01966,,Festival-Ticket,
01967,,Festival-Ticket,
01968,,Festival-Ticket,
01969,,Festival-Ticket,
01970,,Festival-Ticket,
01971,,Festival-Ticket,
01972,,Festival-Ticket,
01973,,Festival-Ticket,
01974,,Festival-Ticket,
01975,,Festival-Ticket,
01976,,Festival-Ticket,
01977,,Festival-Ticket,
01978,,Festival-Ticket,
01979,,Festival-Ticket,
01980,,Festival-Ticket,
01981,,Festival-Ticket,
01982,,Festival-Ticket,
01983,,Festival-Ticket,
01984,,Festival-Ticket,
01985,,Festival-Ticket,
01986,,Festival-Ticket,
01987,,Festival-Ticket,
01988,,Festival-Ticket,
01989,,Festival-Ticket,
01990,,Festival-Ticket,
01991,,Festival-Ticket,
01992,,Festival-Ticket,
01993,,Festival-Ticket,
01994,,Festival-Ticket,
01995,,Festival-Ticket,
01996,,Festival-Ticket,
01997,,Festival-Ticket,
01998,,Festival-Ticket,
01999,,Festival-Ticket,
02000,,Festival-Ticket,
02001,,Festival-Ticket,
02002,,Festival-Ticket,
02003,,Festival-Ticket,
02004,,Festival-Ticket,
02005,,Festival-Ticket,
02006,,Festival-Ticket,
02007,,Festival-Ticket,
02008,,Festival-Ticket,
02009,,Festival-Ticket,
02010,,Festival-Ticket,
02011,,Festival-Ticket,
02012,,Festival-Ticket,
02013,,Festival-Ticket,
02014,,Festival-Ticket,
02015,,Festival-Ticket,
02016,,Festival-Ticket,
02017,,Festival-Ticket,
02018,,Festival-Ticket,
02019,,Festival-Ticket,
02020,,Festival-Ticket,
02021,,Festival-Ticket,
02022,,Festival-Ticket,
02023,,Festival-Ticket,
02024,,Festival-Ticket,
02025,,Festival-Ticket,
02026,,Festival-Ticket,
02027,,Festival-Ticket,
02028,,Festival-Ticket,
02029,,Festival-Ticket,
02030,,Festival-Ticket,
02031,,Festival-Ticket,
02032,,Festival-Ticket,
02033,,Festival-Ticket,
02034,,Festival-Ticket,
02035,,Festival-Ticket,
02036,,Festival-Ticket,
02037,,Festival-Ticket,
02038,,Festival-Ticket,
02039,,Festival-Ticket,
02040,,Festival-Ticket,
02041,,Festival-Ticket,
02042,,Festival-Ticket,
02043,,Festival-Ticket,
02044,,Festival-Ticket,
02045,,Festival-Ticket,
02046,,Festival-Ticket,
02047,,Festival-Ticket,
02048,,Festival-Ticket,
02049,,Festival-Ticket,
02050,,Festival-Ticket,
02051,,Festival-Ticket,
02052,,Festival-Ticket,
02053,,Festival-Ticket,
02054,,Festival-Ticket,
02055,,Festival-Ticket,
02056,,Festival-Ticket,
02057,,Festival-Ticket,
02058,,Festival-Ticket,
02059,,Festival-Ticket,
02060,,Festival-Ticket,
02061,,Festival-Ticket,
02062,,Festival-Ticket,
02063,,Festival-Ticket,
02064,,Festival-Ticket,
02065,,Festival-Ticket,
02066,,Festival-Ticket,
02067,,Festival-Ticket,
02068,,Festival-Ticket,
02069,,Festival-Ticket,
02070,,Festival-Ticket,
02071,,Festival-Ticket,
02072,,Festival-Ticket,
02073,,Festival-Ticket,
02074,,Festival-Ticket,
02075,,Festival-Ticket,
02076,,Festival-Ticket,
02077,,Festival-Ticket,
02078,,Festival-Ticket,
02079,,Festival-Ticket,
02080,,Festival-Ticket,
02081,,Festival-Ticket,
02082,,Festival-Ticket,
02083,,Festival-Ticket,
02084,,Festival-Ticket,
02085,,Festival-Ticket,
02086,,Festival-Ticket,
02087,,Festival-Ticket,
02088,,Festival-Ticket,
02089,,Festival-Ticket,
02090,,Festival-Ticket,
02091,,Festival-Ticket,
02092,,Festival-Ticket,
02093,,Festival-Ticket,
02094,,Festival-Ticket,
02095,,Festival-Ticket,
02096,,Festival-Ticket,
02097,,Festival-Ticket,
02098,,Festival-Ticket,
02099,,Festival-Ticket,
02100,,Festival-Ticket,
02101,,Festival-Ticket,
02102,,Festival-Ticket,
02103,,Festival-Ticket,
02104,,Festival-Ticket,
02105,,Festival-Ticket,
02106,,Festival-Ticket,
02107,,Festival-Ticket,
02108,,Festival-Ticket,
02109,,Festival-Ticket,
02110,,Festival-Ticket,
02111,,Festival-Ticket,
02112,,Festival-Ticket,
02113,,Festival-Ticket,
02114,,Festival-Ticket,
02115,,Festival-Ticket,
02116,,Festival-Ticket,
02117,,Festival-Ticket,
02118,,Festival-Ticket,
02119,,Festival-Ticket,
02120,,Festival-Ticket,
02121,,Festival-Ticket,
02122,,Festival-Ticket,
02123,,Festival-Ticket,
02124,,Festival-Ticket,
02125,,Festival-Ticket,
02126,,Festival-Ticket,
02127,,Festival-Ticket,
02128,,Festival-Ticket,
02129,,Festival-Ticket,
02130,,Festival-Ticket,
02131,,Festival-Ticket,
02132,,Festival-Ticket,
02133,,Festival-Ticket,
02134,,Festival-Ticket,
02135,,Festival-Ticket,
02136,,Festival-Ticket,
02137,,Festival-Ticket,
02138,,Festival-Ticket,
02139,,Festival-Ticket,
02140,,Festival-Ticket,
02141,,Festival-Ticket,
02142,,Festival-Ticket,
02143,,Festival-Ticket,
02144,,Festival-Ticket,
02145,,Festival-Ticket,
02146,,Festival-Ticket,
02147,,Festival-Ticket,
02148,,Festival-Ticket,
02149,,Festival-Ticket,
02150,,Festival-Ticket,
02151,,Festival-Ticket,
02152,,Festival-Ticket,
02153,,Festival-Ticket,
02154,,Festival-Ticket,
02155,,Festival-Ticket,
02156,,Festival-Ticket,
02157,,Festival-Ticket,
02158,,Festival-Ticket,
02159,,Festival-Ticket,
02160,,Festival-Ticket,
02161,,Festival-Ticket,
02162,,Festival-Ticket,
02163,,Festival-Ticket,
02164,,Festival-Ticket,
02165,,Festival-Ticket,
02166,,Festival-Ticket,
02167,,Festival-Ticket,
02168,,Festival-Ticket,
02169,,Festival-Ticket,
02170,,Festival-Ticket,
02171,,Festival-Ticket,
02172,,Festival-Ticket,
02173,,Festival-Ticket,
02174,,Festival-Ticket,
02175,,Festival-Ticket,
02176,,Festival-Ticket,
02177,,Festival-Ticket,
02178,,Festival-Ticket,
02179,,Festival-Ticket,
02180,,Festival-Ticket,
02181,,Festival-Ticket,
02182,,Festival-Ticket,
02183,,Festival-Ticket,
02184,,Festival-Ticket,
02185,,Festival-Ticket,
02186,,Festival-Ticket,
02187,,Festival-Ticket,
02188,,Festival-Ticket,
02189,,Festival-Ticket,
02190,,Festival-Ticket,
02191,,Festival-Ticket,
02192,,Festival-Ticket,
02193,,Festival-Ticket,
02194,,Festival-Ticket,
02195,,Festival-Ticket,
02196,,Festival-Ticket,
02197,,Festival-Ticket,
02198,,Festival-Ticket,
02199,,Festival-Ticket,
02200,,Festival-Ticket,
02201,,Festival-Ticket,
02202,,Festival-Ticket,
02203,,Festival-Ticket,
02204,,Festival-Ticket,
02205,,Festival-Ticket,
02206,,Festival-Ticket,
02207,,Festival-Ticket,
02208,,Festival-Ticket,
02209,,Festival-Ticket,
02210,,Festival-Ticket,
02211,,Festival-Ticket,
02212,,Festival-Ticket,
02213,,Festival-Ticket,
02214,,Festival-Ticket,
02215,,Festival-Ticket,
02216,,Festival-Ticket,
02217,,Festival-Ticket,
02218,,Festival-Ticket,
02219,,Festival-Ticket,
02220,,Festival-Ticket,
02221,,Festival-Ticket,
02222,,Festival-Ticket,
02223,,Festival-Ticket,
02224,,Festival-Ticket,
02225,,Festival-Ticket,
02226,,Festival-Ticket,
02227,,Festival-Ticket,
02228,,Festival-Ticket,
02229,,Festival-Ticket,
02230,,Festival-Ticket,
02231,,Festival-Ticket,
02232,,Festival-Ticket,
02233,,Festival-Ticket,
02234,,Festival-Ticket,
02235,,Festival-Ticket,
02236,,Festival-Ticket,
02237,,Festival-Ticket,
02238,,Festival-Ticket,
02239,,Festival-Ticket,
02240,,Festival-Ticket,
02241,,Festival-Ticket,
02242,,Festival-Ticket,
02243,,Festival-Ticket,
02244,,Festival-Ticket,
02245,,Festival-Ticket,
02246,,Festival-Ticket,
02247,,Festival-Ticket,
02248,,Festival-Ticket,
02249,,Festival-Ticket,
02250,,Festival-Ticket,
02251,,Festival-Ticket,
02252,,Festival-Ticket,
02253,,Festival-Ticket,
02254,,Festival-Ticket,
02255,,Festival-Ticket,
02256,,Festival-Ticket,
02257,,Festival-Ticket,
02258,,Festival-Ticket,
02259,,Festival-Ticket,
02260,,Festival-Ticket,
02261,,Festival-Ticket,
02262,,Festival-Ticket,
02263,,Festival-Ticket,
02264,,Festival-Ticket,
02265,,Festival-Ticket,
02266,,Festival-Ticket,
02267,,Festival-Ticket,
02268,,Festival-Ticket,
02269,,Festival-Ticket,
02270,,Festival-Ticket,
02271,,Festival-Ticket,
02272,,Festival-Ticket,
02273,,Festival-Ticket,
02274,,Festival-Ticket,
02275,,Festival-Ticket,
02276,,Festival-Ticket,
02277,,Festival-Ticket,
02278,,Festival-Ticket,
02279,,Festival-Ticket,
02280,,Festival-Ticket,
02281,,Festival-Ticket,
02282,,Festival-Ticket,
02283,,Festival-Ticket,
02284,,Festival-Ticket,
02285,,Festival-Ticket,
02286,,Festival-Ticket,
02287,,Festival-Ticket,
02288,,Festival-Ticket,
02289,,Festival-Ticket,
02290,,Festival-Ticket,
02291,,Festival-Ticket,
02292,,Festival-Ticket,
02293,,Festival-Ticket,
02294,,Festival-Ticket,
02295,,Festival-Ticket,
02296,,Festival-Ticket,
02297,,Festival-Ticket,
02298,,Festival-Ticket,
02299,,Festival-Ticket,
02300,,Festival-Ticket,
02301,,Festival-Ticket,
02302,,Festival-Ticket,
02303,,Festival-Ticket,
02304,,Festival-Ticket,
02305,,Festival-Ticket,
